"Gene","Non-unique Gene name","Annotation","Number_pos_present_in","Number_neg_present_in","Number_pos_not_present_in","Number_neg_not_present_in","Sensitivity","Specificity","Odds_ratio","Naive_p","Bonferroni_p","Benjamini_H_p","Max_Pairwise_comparisons","Max_supporting_pairs","Max_opposing_pairs","Best_pairwise_comp_p","Worst_pairwise_comp_p"
"pdhD","","Dihydrolipoyl dehydrogenase","33","17","146","12","18.435754189944134","41.37931034482759","0.15954875100725222","1.553410969328512e-05","0.9987034462909936","0.9987034462909936","14","7","9","0.4239501953124999","1.0"
"ymdB","","O-acetyl-ADP-ribose deacetylase","60","1","119","28","33.5195530726257","96.55172413793103","14.117647058823529","0.0003478441797062464","1.0","1.0","15","14","1","0.0009765624999999998","0.0009765624999999998"
"group_8061","","hypothetical protein","4","6","175","23","2.2346368715083798","79.3103448275862","0.08761904761904762","0.0006317277290391675","1.0","1.0","1","1","1","1.0","1.0"
"group_9271","","hypothetical protein","2","5","177","24","1.1173184357541899","82.75862068965517","0.05423728813559322","0.0006555847232522078","1.0","1.0","2","1","2","0.5","1.0"
"group_6354","","hypothetical protein","7","7","172","22","3.910614525139665","75.86206896551724","0.12790697674418605","0.0008721469739299763","1.0","1.0","4","3","2","0.625","1.0"
"group_6859","","hypothetical protein","7","7","172","22","3.910614525139665","75.86206896551724","0.12790697674418605","0.0008721469739299763","1.0","1.0","3","1","2","1.0","1.0"
"group_5218","cpoB_1","hypothetical protein","10","8","169","21","5.58659217877095","72.41379310344827","0.15532544378698224","0.0009164244848392046","1.0","1.0","9","5","5","1.0","1.0"
"ydjF","","hypothetical protein","66","2","113","27","36.87150837988827","93.10344827586206","7.884955752212389","0.0010318146224703754","1.0","1.0","18","17","2","0.00014495849609375","0.0013122558593750002"
"group_2672","","hypothetical protein","66","2","113","27","36.87150837988827","93.10344827586206","7.884955752212389","0.0010318146224703754","1.0","1.0","18","17","2","0.00014495849609375","0.0013122558593750002"
"group_10421","","hypothetical protein","1","4","178","25","0.5586592178770949","86.20689655172413","0.0351123595505618","0.0014138262456300178","1.0","1.0","2","1","2","0.5","1.0"
"group_11509","","hypothetical protein","1","4","178","25","0.5586592178770949","86.20689655172413","0.0351123595505618","0.0014138262456300178","1.0","1.0","4","1","3","0.625","0.625"
"group_11511","","hypothetical protein","1","4","178","25","0.5586592178770949","86.20689655172413","0.0351123595505618","0.0014138262456300178","1.0","1.0","4","1","4","0.125","0.625"
"group_10160","","hypothetical protein","3","5","176","24","1.675977653631285","82.75862068965517","0.08181818181818182","0.0015756509729349364","1.0","1.0","3","1","2","1.0","1.0"
"group_8583","","hypothetical protein","3","5","176","24","1.675977653631285","82.75862068965517","0.08181818181818182","0.0015756509729349364","1.0","1.0","6","3","3","1.0","1.0"
"group_8616","","hypothetical protein","3","5","176","24","1.675977653631285","82.75862068965517","0.08181818181818182","0.0015756509729349364","1.0","1.0","5","2","3","1.0","1.0"
"pilY1","","hypothetical protein","80","4","99","25","44.6927374301676","86.20689655172413","5.05050505050505","0.0018034820476849987","1.0","1.0","12","8","4","0.3876953125000001","0.3876953125000001"
"mgtC","","hypothetical protein","85","23","94","6","47.486033519553075","20.689655172413794","0.23589269195189638","0.00219947794130319","1.0","1.0","15","5","11","0.11846923828124997","0.30175781250000017"
"group_6595","","hypothetical protein","6","6","173","23","3.35195530726257","79.3103448275862","0.1329479768786127","0.0022593318012274297","1.0","1.0","3","3","1","0.25","1.0"
"group_6867","","hypothetical protein","6","6","173","23","3.35195530726257","79.3103448275862","0.1329479768786127","0.0022593318012274297","1.0","1.0","7","4","4","0.9999999999999998","0.9999999999999998"
"group_6902","","hypothetical protein","6","6","173","23","3.35195530726257","79.3103448275862","0.1329479768786127","0.0022593318012274297","1.0","1.0","6","3","3","1.0","1.0"
"group_7066","","hypothetical protein","6","6","173","23","3.35195530726257","79.3103448275862","0.1329479768786127","0.0022593318012274297","1.0","1.0","6","3","3","1.0","1.0"
"group_7209","","hypothetical protein","6","6","173","23","3.35195530726257","79.3103448275862","0.1329479768786127","0.0022593318012274297","1.0","1.0","3","2","2","1.0","1.0"
"group_5939","","hypothetical protein","9","7","170","22","5.027932960893855","75.86206896551724","0.16638655462184873","0.002367293192726687","1.0","1.0","3","1","2","1.0","1.0"
"group_12451","","hypothetical protein","0","3","179","26","0.0","89.65517241379311","0.0","0.0024718316719165266","1.0","1.0","2","0","2","0.5","0.5"
"group_14047","","hypothetical protein","0","3","179","26","0.0","89.65517241379311","0.0","0.0024718316719165266","1.0","1.0","3","0","3","0.25","0.25"
"group_14260","","hypothetical protein","0","3","179","26","0.0","89.65517241379311","0.0","0.0024718316719165266","1.0","1.0","3","0","3","0.25","0.25"
"group_14576","","hypothetical protein","0","3","179","26","0.0","89.65517241379311","0.0","0.0024718316719165266","1.0","1.0","2","0","2","0.5","0.5"
"group_14577","","hypothetical protein","0","3","179","26","0.0","89.65517241379311","0.0","0.0024718316719165266","1.0","1.0","2","0","2","0.5","0.5"
"group_14587","","hypothetical protein","0","3","179","26","0.0","89.65517241379311","0.0","0.0024718316719165266","1.0","1.0","2","0","2","0.5","0.5"
"group_14797","","hypothetical protein","0","3","179","26","0.0","89.65517241379311","0.0","0.0024718316719165266","1.0","1.0","2","0","2","0.5","0.5"
"group_14799","","hypothetical protein","0","3","179","26","0.0","89.65517241379311","0.0","0.0024718316719165266","1.0","1.0","2","0","2","0.5","0.5"
"group_14802","","hypothetical protein","0","3","179","26","0.0","89.65517241379311","0.0","0.0024718316719165266","1.0","1.0","2","0","2","0.5","0.5"
"group_15455","","hypothetical protein","0","3","179","26","0.0","89.65517241379311","0.0","0.0024718316719165266","1.0","1.0","3","0","3","0.25","0.25"
"group_16193","","hypothetical protein","0","3","179","26","0.0","89.65517241379311","0.0","0.0024718316719165266","1.0","1.0","3","0","3","0.25","0.25"
"group_16196","","hypothetical protein","0","3","179","26","0.0","89.65517241379311","0.0","0.0024718316719165266","1.0","1.0","3","0","3","0.25","0.25"
"group_16296","","hypothetical protein","0","3","179","26","0.0","89.65517241379311","0.0","0.0024718316719165266","1.0","1.0","3","0","3","0.25","0.25"
"group_5154","","hypothetical protein","13","8","166","21","7.262569832402235","72.41379310344827","0.2055722891566265","0.003143260775057932","1.0","1.0","8","5","4","0.7265625000000002","1.0"
"group_7727","","hypothetical protein","4","5","175","24","2.2346368715083798","82.75862068965517","0.10971428571428571","0.003194967572376869","1.0","1.0","3","2","2","1.0","1.0"
"group_7809","","hypothetical protein","4","5","175","24","2.2346368715083798","82.75862068965517","0.10971428571428571","0.003194967572376869","1.0","1.0","6","2","4","0.6875000000000002","0.6875000000000002"
"bm3R1","","hypothetical protein","39","0","140","29","21.787709497206702","100.0","inf","0.003348345495911442","1.0","1.0","10","10","0","0.001953125","0.001953125"
"ganB","","Arabinogalactan endo-beta-1,4-galactanase","36","0","143","29","20.11173184357542","100.0","inf","0.0033596128094044077","1.0","1.0","9","9","0","0.00390625","0.00390625"
"group_5436","","hypothetical protein","10","7","169","22","5.58659217877095","75.86206896551724","0.18596787827557057","0.0036301912802569817","1.0","1.0","6","6","2","0.03125","0.6875000000000002"
"asD","","Bifunctional aspartate aminotransferase and L-aspartate beta-decarboxylase","10","7","169","22","5.58659217877095","75.86206896551724","0.18596787827557057","0.0036301912802569817","1.0","1.0","13","10","7","0.09228515625000003","0.9999999999999999"
"group_5586","","hypothetical protein","10","7","169","22","5.58659217877095","75.86206896551724","0.18596787827557057","0.0036301912802569817","1.0","1.0","6","6","2","0.03125","0.6875000000000002"
"sgrR_4","","HTH-type transcriptional regulator SgrR","7","6","172","23","3.910614525139665","79.3103448275862","0.1560077519379845","0.0037818517336267684","1.0","1.0","6","1","5","0.21875000000000003","0.21875000000000003"
"group_6909","","hypothetical protein","7","6","172","23","3.910614525139665","79.3103448275862","0.1560077519379845","0.0037818517336267684","1.0","1.0","3","2","2","1.0","1.0"
"group_7214","","hypothetical protein","7","6","172","23","3.910614525139665","79.3103448275862","0.1560077519379845","0.0037818517336267684","1.0","1.0","3","2","1","1.0","1.0"
"group_10156","","hypothetical protein","2","4","177","25","1.1173184357541899","86.20689655172413","0.07062146892655367","0.0038258701435881547","1.0","1.0","2","1","2","0.5","1.0"
"group_10159","","hypothetical protein","2","4","177","25","1.1173184357541899","86.20689655172413","0.07062146892655367","0.0038258701435881547","1.0","1.0","2","1","2","0.5","1.0"
"group_11490","","hypothetical protein","2","4","177","25","1.1173184357541899","86.20689655172413","0.07062146892655367","0.0038258701435881547","1.0","1.0","3","2","2","1.0","1.0"
"group_6911","","hypothetical protein","2","4","177","25","1.1173184357541899","86.20689655172413","0.07062146892655367","0.0038258701435881547","1.0","1.0","5","2","3","1.0","1.0"
"group_9828","","hypothetical protein","2","4","177","25","1.1173184357541899","86.20689655172413","0.07062146892655367","0.0038258701435881547","1.0","1.0","5","2","4","0.375","1.0"
"bfr_2","","Bacterioferritin","157","19","22","10","87.70949720670392","34.48275862068966","3.7559808612440193","0.004750280673732028","1.0","1.0","14","8","9","0.4239501953124999","0.7905273437500004"
"group_5589","","hypothetical protein","11","7","168","22","6.145251396648044","75.86206896551724","0.20578231292517007","0.0053571337864317435","1.0","1.0","3","1","2","1.0","1.0"
"blaI","","hypothetical protein","35","0","144","29","19.553072625698324","100.0","inf","0.0057184765805789175","1.0","1.0","6","6","0","0.03125","0.03125"
"group_7565","","hypothetical protein","5","5","174","24","2.793296089385475","82.75862068965517","0.13793103448275862","0.005758207415712771","1.0","1.0","3","2","2","1.0","1.0"
"group_7571","","hypothetical protein","5","5","174","24","2.793296089385475","82.75862068965517","0.13793103448275862","0.005758207415712771","1.0","1.0","2","2","1","0.5","1.0"
"group_7582","","hypothetical protein","5","5","174","24","2.793296089385475","82.75862068965517","0.13793103448275862","0.005758207415712771","1.0","1.0","5","3","2","1.0","1.0"
"group_7767","","hypothetical protein","5","5","174","24","2.793296089385475","82.75862068965517","0.13793103448275862","0.005758207415712771","1.0","1.0","6","3","3","1.0","1.0"
"group_8570","","hypothetical protein","5","5","174","24","2.793296089385475","82.75862068965517","0.13793103448275862","0.005758207415712771","1.0","1.0","2","2","1","0.5","1.0"
"group_9219","","hypothetical protein","5","5","174","24","2.793296089385475","82.75862068965517","0.13793103448275862","0.005758207415712771","1.0","1.0","2","2","1","0.5","1.0"
"cas3","","CRISPR-associated nuclease/helicase Cas3 subtype I-F/YPEST","33","0","146","29","18.435754189944134","100.0","inf","0.005913265506815482","1.0","1.0","16","16","0","3.0517578125e-05","3.0517578125e-05"
"ndvB","","Cyclic beta-(1,2)-glucan synthase NdvB","33","0","146","29","18.435754189944134","100.0","inf","0.005913265506815482","1.0","1.0","14","14","0","0.0001220703125","0.0001220703125"
"group_5931","","hypothetical protein","8","6","171","23","4.4692737430167595","79.3103448275862","0.1793372319688109","0.005964130303401534","1.0","1.0","8","5","3","0.7265625000000002","0.7265625000000002"
"group_6358","","hypothetical protein","8","6","171","23","4.4692737430167595","79.3103448275862","0.1793372319688109","0.005964130303401534","1.0","1.0","3","3","1","0.25","1.0"
"group_6359","","hypothetical protein","8","6","171","23","4.4692737430167595","79.3103448275862","0.1793372319688109","0.005964130303401534","1.0","1.0","2","2","1","0.5","1.0"
"group_6363","","hypothetical protein","8","6","171","23","4.4692737430167595","79.3103448275862","0.1793372319688109","0.005964130303401534","1.0","1.0","3","3","1","0.25","1.0"
"group_6364","","hypothetical protein","8","6","171","23","4.4692737430167595","79.3103448275862","0.1793372319688109","0.005964130303401534","1.0","1.0","3","3","1","0.25","1.0"
"group_6898","","hypothetical protein","8","6","171","23","4.4692737430167595","79.3103448275862","0.1793372319688109","0.005964130303401534","1.0","1.0","3","2","1","1.0","1.0"
"group_2426","","hypothetical protein","45","1","134","28","25.139664804469277","96.55172413793103","9.402985074626866","0.006951015958911245","1.0","1.0","9","9","1","0.00390625","0.0390625"
"group_5297","tam_1","hypothetical protein","12","7","167","22","6.70391061452514","75.86206896551724","0.22583404619332764","0.007647604899885032","1.0","1.0","7","6","2","0.125","0.4531249999999996"
"group_3069","","hypothetical protein","36","13","143","16","20.11173184357542","55.172413793103445","0.30984400215169444","0.007885068649890043","1.0","1.0","8","3","5","0.7265625000000002","0.7265625000000002"
"group_8626","","hypothetical protein","3","4","176","25","1.675977653631285","86.20689655172413","0.10653409090909091","0.008052917370703554","1.0","1.0","5","1","4","0.375","0.375"
"group_8769","","hypothetical protein","3","4","176","25","1.675977653631285","86.20689655172413","0.10653409090909091","0.008052917370703554","1.0","1.0","2","2","1","0.5","1.0"
"group_8771","","hypothetical protein","3","4","176","25","1.675977653631285","86.20689655172413","0.10653409090909091","0.008052917370703554","1.0","1.0","5","3","3","1.0","1.0"
"group_9263","","hypothetical protein","3","4","176","25","1.675977653631285","86.20689655172413","0.10653409090909091","0.008052917370703554","1.0","1.0","1","1","1","1.0","1.0"
"group_9264","","hypothetical protein","3","4","176","25","1.675977653631285","86.20689655172413","0.10653409090909091","0.008052917370703554","1.0","1.0","4","3","2","0.625","1.0"
"mtnC","","Enolase-phosphatase E1","85","6","94","23","47.486033519553075","79.3103448275862","3.4663120567375887","0.008170846992872799","1.0","1.0","14","9","6","0.4239501953124999","0.7905273437500004"
"yqjF","","hypothetical protein","159","20","20","9","88.8268156424581","31.03448275862069","3.5775","0.008364325330226964","1.0","1.0","15","8","9","0.6072387695312501","0.9999999999999997"
"traC","","hypothetical protein","95","23","84","6","53.072625698324025","20.689655172413794","0.2950310559006211","0.008556703491602587","1.0","1.0","21","6","16","0.026603698730468753","0.07835388183593749"
"qorB","","Quinone oxidoreductase 2","84","6","95","23","46.927374301675975","79.3103448275862","3.389473684210526","0.008556703491602587","1.0","1.0","19","14","6","0.06356811523437494","0.16706848144531244"
"group_2443","","hypothetical protein","63","3","116","26","35.19553072625698","89.65517241379311","4.706896551724138","0.008753962068468077","1.0","1.0","13","10","3","0.09228515625000003","0.09228515625000003"
"marR","","hypothetical protein","62","3","117","26","34.63687150837989","89.65517241379311","4.592592592592593","0.00879795228394904","1.0","1.0","15","13","2","0.007385253906249998","0.007385253906249998"
"pyrD","","Dihydroorotate dehydrogenase (quinone)","178","26","1","3","99.4413407821229","10.344827586206897","20.53846153846154","0.008946824880790792","1.0","1.0","2","2","1","0.5","1.0"
"group_11939","","hypothetical protein","1","3","178","26","0.5586592178770949","89.65517241379311","0.04868913857677903","0.008946824880790792","1.0","1.0","3","1","2","1.0","1.0"
"group_12452","","hypothetical protein","1","3","178","26","0.5586592178770949","89.65517241379311","0.04868913857677903","0.008946824880790792","1.0","1.0","3","1","3","0.25","1.0"
"group_13099","","hypothetical protein","1","3","178","26","0.5586592178770949","89.65517241379311","0.04868913857677903","0.008946824880790792","1.0","1.0","4","1","3","0.625","0.625"
"group_13103","","hypothetical protein","1","3","178","26","0.5586592178770949","89.65517241379311","0.04868913857677903","0.008946824880790792","1.0","1.0","4","1","3","0.625","0.625"
"group_13461","","hypothetical protein","1","3","178","26","0.5586592178770949","89.65517241379311","0.04868913857677903","0.008946824880790792","1.0","1.0","4","1","3","0.625","0.625"
"group_13462","","hypothetical protein","1","3","178","26","0.5586592178770949","89.65517241379311","0.04868913857677903","0.008946824880790792","1.0","1.0","4","1","3","0.625","0.625"
"recX","","Regulatory protein RecX","170","23","9","6","94.97206703910615","20.689655172413794","4.927536231884058","0.008956326692883222","1.0","1.0","5","2","4","0.375","1.0"
"group_6131","","hypothetical protein","9","6","170","23","5.027932960893855","79.3103448275862","0.20294117647058824","0.008956326692883222","1.0","1.0","5","2","3","1.0","1.0"
"group_6357","","hypothetical protein","9","6","170","23","5.027932960893855","79.3103448275862","0.20294117647058824","0.008956326692883222","1.0","1.0","2","2","1","0.5","1.0"
"rutE","","putative malonic semialdehyde reductase RutE","61","3","118","26","34.07821229050279","89.65517241379311","4.480225988700565","0.009077580314641946","1.0","1.0","16","13","3","0.021270751953125","0.021270751953125"
"group_1876","","hypothetical protein","76","20","103","9","42.45810055865922","31.03448275862069","0.3320388349514563","0.009159973921206346","1.0","1.0","17","7","12","0.14346313476562497","0.629058837890625"
"bluR","","hypothetical protein","131","14","48","15","73.18435754189943","51.724137931034484","2.924107142857143","0.009223813248177778","1.0","1.0","13","7","8","0.5810546875","0.9999999999999999"
"group_6618","","hypothetical protein","6","5","173","24","3.35195530726257","82.75862068965517","0.16647398843930636","0.009512447590298406","1.0","1.0","5","4","3","0.375","1.0"
"group_6897","","hypothetical protein","6","5","173","24","3.35195530726257","82.75862068965517","0.16647398843930636","0.009512447590298406","1.0","1.0","5","3","2","1.0","1.0"
"group_6901","","hypothetical protein","6","5","173","24","3.35195530726257","82.75862068965517","0.16647398843930636","0.009512447590298406","1.0","1.0","4","3","1","0.625","0.625"
"group_6973","","hypothetical protein","6","5","173","24","3.35195530726257","82.75862068965517","0.16647398843930636","0.009512447590298406","1.0","1.0","11","6","5","0.9999999999999997","0.9999999999999997"
"steT_1","","Serine/threonine exchanger SteT","6","5","173","24","3.35195530726257","82.75862068965517","0.16647398843930636","0.009512447590298406","1.0","1.0","5","3","3","1.0","1.0"
"group_7110","","hypothetical protein","6","5","173","24","3.35195530726257","82.75862068965517","0.16647398843930636","0.009512447590298406","1.0","1.0","5","4","4","0.375","0.375"
"group_7215","","hypothetical protein","6","5","173","24","3.35195530726257","82.75862068965517","0.16647398843930636","0.009512447590298406","1.0","1.0","3","3","1","0.25","1.0"
"group_7566","","hypothetical protein","6","5","173","24","3.35195530726257","82.75862068965517","0.16647398843930636","0.009512447590298406","1.0","1.0","3","3","1","0.25","1.0"
"spmT","","hypothetical protein","31","0","148","29","17.318435754189945","100.0","inf","0.009948810584979977","1.0","1.0","9","9","0","0.00390625","0.00390625"
"group_3747","","hypothetical protein","31","0","148","29","17.318435754189945","100.0","inf","0.009948810584979977","1.0","1.0","6","6","0","0.03125","0.03125"
"cas6f","","CRISPR-associated endonuclease Cas6/Csy4","31","0","148","29","17.318435754189945","100.0","inf","0.009948810584979977","1.0","1.0","16","16","0","3.0517578125e-05","3.0517578125e-05"
"iraP","","Anti-adapter protein IraP","32","0","147","29","17.877094972067038","100.0","inf","0.010053997612617887","1.0","1.0","3","3","0","0.25","0.25"
"yciF","","Protein YciF","32","0","147","29","17.877094972067038","100.0","inf","0.010053997612617887","1.0","1.0","7","7","0","0.015625","0.015625"
"group_4026","","hypothetical protein","32","0","147","29","17.877094972067038","100.0","inf","0.010053997612617887","1.0","1.0","5","5","0","0.0625","0.0625"
"kdgT","","2-keto-3-deoxygluconate permease","30","0","149","29","16.75977653631285","100.0","inf","0.010273504212194258","1.0","1.0","6","6","0","0.03125","0.03125"
"group_3855","","hypothetical protein","23","10","156","19","12.849162011173185","65.51724137931035","0.28012820512820513","0.010600448056220558","1.0","1.0","10","7","5","0.3437499999999999","1.0"
"group_4427","","hypothetical protein","13","7","166","22","7.262569832402235","75.86206896551724","0.24612736660929432","0.010605547448922996","1.0","1.0","3","1","2","1.0","1.0"
"cqsA","","CAI-1 autoinducer synthase","13","7","166","22","7.262569832402235","75.86206896551724","0.24612736660929432","0.010605547448922996","1.0","1.0","9","5","4","1.0","1.0"
"pepO_2","","Neutral endopeptidase","52","2","127","27","29.05027932960894","93.10344827586206","5.52755905511811","0.011014043044093978","1.0","1.0","10","10","2","0.001953125","0.10937500000000003"
"group_3954","","hypothetical protein","24","10","155","19","13.40782122905028","65.51724137931035","0.29419354838709677","0.011607318934621967","1.0","1.0","13","8","7","0.5810546875","0.9999999999999999"
"ybhC","","hypothetical protein","42","1","137","28","23.463687150837988","96.55172413793103","8.583941605839415","0.011981393288557482","1.0","1.0","8","8","1","0.0078125","0.0703125"
"metE_1","","hypothetical protein","42","1","137","28","23.463687150837988","96.55172413793103","8.583941605839415","0.011981393288557482","1.0","1.0","8","8","1","0.0078125","0.0703125"
"eamA","","putative amino-acid metabolite efflux pump","136","15","43","14","75.97765363128491","48.275862068965516","2.951937984496124","0.012086344993947217","1.0","1.0","17","13","5","0.049041748046874986","0.14346313476562497"
"group_3434","","hypothetical protein","30","11","149","18","16.75977653631285","62.06896551724138","0.32946918852959123","0.012124428010876728","1.0","1.0","4","3","3","0.625","0.625"
"ydbD","","putative manganese catalase","43","1","136","28","24.022346368715084","96.55172413793103","8.852941176470589","0.012181175396733671","1.0","1.0","9","9","1","0.00390625","0.0390625"
"group_5804","","hypothetical protein","10","6","169","23","5.58659217877095","79.3103448275862","0.22682445759368836","0.01290974679297566","1.0","1.0","3","2","1","1.0","1.0"
"pafA","","Alkaline phosphatase PafA","10","6","169","23","5.58659217877095","79.3103448275862","0.22682445759368836","0.01290974679297566","1.0","1.0","8","6","4","0.2890624999999999","1.0"
"ecfT","","Energy-coupling factor transporter transmembrane protein EcfT","10","6","169","23","5.58659217877095","79.3103448275862","0.22682445759368836","0.01290974679297566","1.0","1.0","4","3","1","0.625","0.625"
"group_5937","","hypothetical protein","10","6","169","23","5.58659217877095","79.3103448275862","0.22682445759368836","0.01290974679297566","1.0","1.0","4","3","1","0.625","0.625"
"group_6899","","Putative pseudouridine methyltransferase","10","6","169","23","5.58659217877095","79.3103448275862","0.22682445759368836","0.01290974679297566","1.0","1.0","5","4","1","0.375","0.375"
"group_7957","","hypothetical protein","10","6","169","23","5.58659217877095","79.3103448275862","0.22682445759368836","0.01290974679297566","1.0","1.0","4","3","1","0.625","0.625"
"phnO","","hypothetical protein","154","19","25","10","86.03351955307262","34.48275862068966","3.2421052631578946","0.013100519717584625","1.0","1.0","16","9","9","0.8036193847656252","0.8036193847656252"
"group_3270","","Putative lipoprotein/NMB1162","34","12","145","17","18.994413407821227","58.620689655172406","0.332183908045977","0.013792234578901368","1.0","1.0","14","6","8","0.7905273437500004","0.7905273437500004"
"group_3374","","hypothetical protein","34","12","145","17","18.994413407821227","58.620689655172406","0.332183908045977","0.013792234578901368","1.0","1.0","14","6","8","0.7905273437500004","0.7905273437500004"
"group_3472","","Putative lipoprotein/NMB1164","34","12","145","17","18.994413407821227","58.620689655172406","0.332183908045977","0.013792234578901368","1.0","1.0","14","6","8","0.7905273437500004","0.7905273437500004"
"group_5008","","hypothetical protein","14","7","165","22","7.82122905027933","75.86206896551724","0.26666666666666666","0.014336690785855605","1.0","1.0","7","5","3","0.4531249999999996","0.9999999999999998"
"group_5151","","hypothetical protein","14","7","165","22","7.82122905027933","75.86206896551724","0.26666666666666666","0.014336690785855605","1.0","1.0","7","5","2","0.4531249999999996","0.4531249999999996"
"group_11502","","hypothetical protein","4","4","175","25","2.2346368715083798","86.20689655172413","0.14285714285714285","0.014530183768468917","1.0","1.0","1","1","1","1.0","1.0"
"group_7414","","hypothetical protein","4","4","175","25","2.2346368715083798","86.20689655172413","0.14285714285714285","0.014530183768468917","1.0","1.0","5","2","4","0.375","1.0"
"group_7659","","hypothetical protein","4","4","175","25","2.2346368715083798","86.20689655172413","0.14285714285714285","0.014530183768468917","1.0","1.0","6","4","2","0.6875000000000002","0.6875000000000002"
"group_8193","","hypothetical protein","4","4","175","25","2.2346368715083798","86.20689655172413","0.14285714285714285","0.014530183768468917","1.0","1.0","5","4","2","0.375","1.0"
"group_8311","","hypothetical protein","4","4","175","25","2.2346368715083798","86.20689655172413","0.14285714285714285","0.014530183768468917","1.0","1.0","3","2","2","1.0","1.0"
"group_8318","","hypothetical protein","4","4","175","25","2.2346368715083798","86.20689655172413","0.14285714285714285","0.014530183768468917","1.0","1.0","5","3","4","0.375","1.0"
"group_8463","","hypothetical protein","4","4","175","25","2.2346368715083798","86.20689655172413","0.14285714285714285","0.014530183768468917","1.0","1.0","4","2","3","0.625","1.0"
"group_8612","","hypothetical protein","4","4","175","25","2.2346368715083798","86.20689655172413","0.14285714285714285","0.014530183768468917","1.0","1.0","1","1","1","1.0","1.0"
"group_8615","","hypothetical protein","4","4","175","25","2.2346368715083798","86.20689655172413","0.14285714285714285","0.014530183768468917","1.0","1.0","1","1","1","1.0","1.0"
"group_8617","","hypothetical protein","4","4","175","25","2.2346368715083798","86.20689655172413","0.14285714285714285","0.014530183768468917","1.0","1.0","1","1","1","1.0","1.0"
"group_8620","","hypothetical protein","4","4","175","25","2.2346368715083798","86.20689655172413","0.14285714285714285","0.014530183768468917","1.0","1.0","1","1","1","1.0","1.0"
"group_8621","","hypothetical protein","4","4","175","25","2.2346368715083798","86.20689655172413","0.14285714285714285","0.014530183768468917","1.0","1.0","1","1","1","1.0","1.0"
"group_8946","","hypothetical protein","4","4","175","25","2.2346368715083798","86.20689655172413","0.14285714285714285","0.014530183768468917","1.0","1.0","4","3","3","0.625","0.625"
"group_9149","","hypothetical protein","4","4","175","25","2.2346368715083798","86.20689655172413","0.14285714285714285","0.014530183768468917","1.0","1.0","4","1","3","0.625","0.625"
"group_9220","","hypothetical protein","4","4","175","25","2.2346368715083798","86.20689655172413","0.14285714285714285","0.014530183768468917","1.0","1.0","3","2","2","1.0","1.0"
"rseA","","Anti-sigma-E factor RseA","172","24","7","5","96.08938547486034","17.24137931034483","5.119047619047619","0.01469324458249211","1.0","1.0","3","3","2","0.25","1.0"
"hcnC","","D-amino acid dehydrogenase","7","5","172","24","3.910614525139665","82.75862068965517","0.19534883720930232","0.01469324458249211","1.0","1.0","8","4","5","0.7265625000000002","1.0"
"group_6903","","hypothetical protein","7","5","172","24","3.910614525139665","82.75862068965517","0.19534883720930232","0.01469324458249211","1.0","1.0","3","3","1","0.25","1.0"
"group_6907","","hypothetical protein","7","5","172","24","3.910614525139665","82.75862068965517","0.19534883720930232","0.01469324458249211","1.0","1.0","3","2","1","1.0","1.0"
"group_7580","","hypothetical protein","7","5","172","24","3.910614525139665","82.75862068965517","0.19534883720930232","0.01469324458249211","1.0","1.0","4","3","1","0.625","0.625"
"yqjZ","","putative protein YqjZ","88","7","91","22","49.162011173184354","75.86206896551724","3.0392464678178963","0.015207909839243049","1.0","1.0","20","16","5","0.011817932128906248","0.04138946533203125"
"ybhN","","Inner membrane protein YbhN","80","6","99","23","44.6927374301676","79.3103448275862","3.0976430976430978","0.015251007954883905","1.0","1.0","9","8","2","0.0390625","0.17968750000000003"
"group_1318","","hypothetical protein","92","22","87","7","51.39664804469274","24.137931034482758","0.33646812957157785","0.015798400777563393","1.0","1.0","18","6","12","0.23788452148437486","0.23788452148437486"
"group_1851","","hypothetical protein","80","20","99","9","44.6927374301676","31.03448275862069","0.36363636363636365","0.016908588511347522","1.0","1.0","17","7","12","0.14346313476562497","0.629058837890625"
"csy1","","CRISPR-associated protein Csy2","28","0","151","29","15.64245810055866","100.0","inf","0.017163029620523556","1.0","1.0","16","16","0","3.0517578125e-05","3.0517578125e-05"
"group_4191","","hypothetical protein","28","0","151","29","15.64245810055866","100.0","inf","0.017163029620523556","1.0","1.0","9","9","0","0.00390625","0.00390625"
"group_4416","","hypothetical protein","28","0","151","29","15.64245810055866","100.0","inf","0.017163029620523556","1.0","1.0","5","5","0","0.0625","0.0625"
"group_3853","","hypothetical protein","29","0","150","29","16.201117318435752","100.0","inf","0.017406801946679797","1.0","1.0","6","6","0","0.03125","0.03125"
"group_4091","dapE_2","Succinyl-diaminopimelate desuccinylase","29","0","150","29","16.201117318435752","100.0","inf","0.017406801946679797","1.0","1.0","10","10","0","0.001953125","0.001953125"
"group_2005","","hypothetical protein","27","0","152","29","15.083798882681565","100.0","inf","0.017628172164537423","1.0","1.0","8","8","0","0.0078125","0.0078125"
"virB1","","hypothetical protein","27","0","152","29","15.083798882681565","100.0","inf","0.017628172164537423","1.0","1.0","10","10","0","0.001953125","0.001953125"
"group_4405","","hypothetical protein","27","0","152","29","15.083798882681565","100.0","inf","0.017628172164537423","1.0","1.0","6","6","0","0.03125","0.03125"
"phnA","","hypothetical protein","27","0","152","29","15.083798882681565","100.0","inf","0.017628172164537423","1.0","1.0","5","5","0","0.0625","0.0625"
"pptA","","Tautomerase PptA","27","0","152","29","15.083798882681565","100.0","inf","0.017628172164537423","1.0","1.0","7","7","0","0.015625","0.015625"
"group_5502","","hypothetical protein","11","6","168","23","6.145251396648044","79.3103448275862","0.2509920634920635","0.01797132252718757","1.0","1.0","9","7","4","0.17968750000000003","1.0"
"group_5732","","hypothetical protein","11","6","168","23","6.145251396648044","79.3103448275862","0.2509920634920635","0.01797132252718757","1.0","1.0","4","2","2","1.0","1.0"
"group_5753","","hypothetical protein","11","6","168","23","6.145251396648044","79.3103448275862","0.2509920634920635","0.01797132252718757","1.0","1.0","7","4","3","0.9999999999999998","0.9999999999999998"
"group_5935","","hypothetical protein","11","6","168","23","6.145251396648044","79.3103448275862","0.2509920634920635","0.01797132252718757","1.0","1.0","4","3","1","0.625","0.625"
"group_336","","hypothetical protein","158","20","21","9","88.26815642458101","31.03448275862069","3.3857142857142857","0.018371097768425694","1.0","1.0","10","8","5","0.10937500000000003","1.0"
"group_1989","","hypothetical protein","65","4","114","25","36.312849162011176","86.20689655172413","3.56359649122807","0.018686075170153377","1.0","1.0","10","9","3","0.021484374999999997","0.3437499999999999"
"group_11545","","hypothetical protein","0","2","179","27","0.0","93.10344827586206","0.0","0.018859160163507395","1.0","1.0","2","0","2","0.5","0.5"
"group_14793","","hypothetical protein","0","2","179","27","0.0","93.10344827586206","0.0","0.018859160163507395","1.0","1.0","1","0","1","1.0","1.0"
"group_14803","","hypothetical protein","0","2","179","27","0.0","93.10344827586206","0.0","0.018859160163507395","1.0","1.0","2","0","2","0.5","0.5"
"group_14804","","hypothetical protein","0","2","179","27","0.0","93.10344827586206","0.0","0.018859160163507395","1.0","1.0","1","0","1","1.0","1.0"
"group_15026","","hypothetical protein","0","2","179","27","0.0","93.10344827586206","0.0","0.018859160163507395","1.0","1.0","2","0","2","0.5","0.5"
"group_15244","","hypothetical protein","0","2","179","27","0.0","93.10344827586206","0.0","0.018859160163507395","1.0","1.0","2","0","2","0.5","0.5"
"group_16143","","hypothetical protein","0","2","179","27","0.0","93.10344827586206","0.0","0.018859160163507395","1.0","1.0","2","0","2","0.5","0.5"
"group_16474","","hypothetical protein","0","2","179","27","0.0","93.10344827586206","0.0","0.018859160163507395","1.0","1.0","2","0","2","0.5","0.5"
"group_17368","","hypothetical protein","0","2","179","27","0.0","93.10344827586206","0.0","0.018859160163507395","1.0","1.0","2","0","2","0.5","0.5"
"group_17369","","hypothetical protein","0","2","179","27","0.0","93.10344827586206","0.0","0.018859160163507395","1.0","1.0","2","0","2","0.5","0.5"
"group_17371","","hypothetical protein","0","2","179","27","0.0","93.10344827586206","0.0","0.018859160163507395","1.0","1.0","2","0","2","0.5","0.5"
"group_17372","","hypothetical protein","0","2","179","27","0.0","93.10344827586206","0.0","0.018859160163507395","1.0","1.0","2","0","2","0.5","0.5"
"group_17373","","hypothetical protein","0","2","179","27","0.0","93.10344827586206","0.0","0.018859160163507395","1.0","1.0","2","0","2","0.5","0.5"
"group_17421","","hypothetical protein","0","2","179","27","0.0","93.10344827586206","0.0","0.018859160163507395","1.0","1.0","2","0","2","0.5","0.5"
"group_17422","","hypothetical protein","0","2","179","27","0.0","93.10344827586206","0.0","0.018859160163507395","1.0","1.0","2","0","2","0.5","0.5"
"group_17684","","hypothetical protein","0","2","179","27","0.0","93.10344827586206","0.0","0.018859160163507395","1.0","1.0","2","0","2","0.5","0.5"
"group_17698","","hypothetical protein","0","2","179","27","0.0","93.10344827586206","0.0","0.018859160163507395","1.0","1.0","2","0","2","0.5","0.5"
"group_17719","","hypothetical protein","0","2","179","27","0.0","93.10344827586206","0.0","0.018859160163507395","1.0","1.0","2","0","2","0.5","0.5"
"group_17730","","hypothetical protein","0","2","179","27","0.0","93.10344827586206","0.0","0.018859160163507395","1.0","1.0","2","0","2","0.5","0.5"
"group_17732","","hypothetical protein","0","2","179","27","0.0","93.10344827586206","0.0","0.018859160163507395","1.0","1.0","2","0","2","0.5","0.5"
"group_17773","","hypothetical protein","0","2","179","27","0.0","93.10344827586206","0.0","0.018859160163507395","1.0","1.0","2","0","2","0.5","0.5"
"group_17990","","hypothetical protein","0","2","179","27","0.0","93.10344827586206","0.0","0.018859160163507395","1.0","1.0","2","0","2","0.5","0.5"
"group_17991","","hypothetical protein","0","2","179","27","0.0","93.10344827586206","0.0","0.018859160163507395","1.0","1.0","2","0","2","0.5","0.5"
"group_17992","","hypothetical protein","0","2","179","27","0.0","93.10344827586206","0.0","0.018859160163507395","1.0","1.0","2","0","2","0.5","0.5"
"group_17998","","hypothetical protein","0","2","179","27","0.0","93.10344827586206","0.0","0.018859160163507395","1.0","1.0","2","0","2","0.5","0.5"
"group_17999","","hypothetical protein","0","2","179","27","0.0","93.10344827586206","0.0","0.018859160163507395","1.0","1.0","2","0","2","0.5","0.5"
"group_18004","","hypothetical protein","0","2","179","27","0.0","93.10344827586206","0.0","0.018859160163507395","1.0","1.0","2","0","2","0.5","0.5"
"group_18708","","hypothetical protein","0","2","179","27","0.0","93.10344827586206","0.0","0.018859160163507395","1.0","1.0","2","0","2","0.5","0.5"
"group_18712","","hypothetical protein","0","2","179","27","0.0","93.10344827586206","0.0","0.018859160163507395","1.0","1.0","2","0","2","0.5","0.5"
"group_18717","","hypothetical protein","0","2","179","27","0.0","93.10344827586206","0.0","0.018859160163507395","1.0","1.0","2","0","2","0.5","0.5"
"group_18723","","hypothetical protein","0","2","179","27","0.0","93.10344827586206","0.0","0.018859160163507395","1.0","1.0","2","0","2","0.5","0.5"
"group_19055","","hypothetical protein","0","2","179","27","0.0","93.10344827586206","0.0","0.018859160163507395","1.0","1.0","1","0","1","1.0","1.0"
"group_19057","","hypothetical protein","0","2","179","27","0.0","93.10344827586206","0.0","0.018859160163507395","1.0","1.0","1","0","1","1.0","1.0"
"group_19058","","hypothetical protein","0","2","179","27","0.0","93.10344827586206","0.0","0.018859160163507395","1.0","1.0","1","0","1","1.0","1.0"
"group_19060","","hypothetical protein","0","2","179","27","0.0","93.10344827586206","0.0","0.018859160163507395","1.0","1.0","1","0","1","1.0","1.0"
"group_19061","","hypothetical protein","0","2","179","27","0.0","93.10344827586206","0.0","0.018859160163507395","1.0","1.0","1","0","1","1.0","1.0"
"group_19062","","hypothetical protein","0","2","179","27","0.0","93.10344827586206","0.0","0.018859160163507395","1.0","1.0","1","0","1","1.0","1.0"
"group_19063","","hypothetical protein","0","2","179","27","0.0","93.10344827586206","0.0","0.018859160163507395","1.0","1.0","1","0","1","1.0","1.0"
"group_19064","","hypothetical protein","0","2","179","27","0.0","93.10344827586206","0.0","0.018859160163507395","1.0","1.0","1","0","1","1.0","1.0"
"group_19065","","hypothetical protein","0","2","179","27","0.0","93.10344827586206","0.0","0.018859160163507395","1.0","1.0","1","0","1","1.0","1.0"
"group_19066","","hypothetical protein","0","2","179","27","0.0","93.10344827586206","0.0","0.018859160163507395","1.0","1.0","1","0","1","1.0","1.0"
"group_19067","","hypothetical protein","0","2","179","27","0.0","93.10344827586206","0.0","0.018859160163507395","1.0","1.0","1","0","1","1.0","1.0"
"group_19068","","hypothetical protein","0","2","179","27","0.0","93.10344827586206","0.0","0.018859160163507395","1.0","1.0","1","0","1","1.0","1.0"
"group_19069","","hypothetical protein","0","2","179","27","0.0","93.10344827586206","0.0","0.018859160163507395","1.0","1.0","2","0","2","0.5","0.5"
"group_19070","","hypothetical protein","0","2","179","27","0.0","93.10344827586206","0.0","0.018859160163507395","1.0","1.0","2","0","2","0.5","0.5"
"group_19071","","hypothetical protein","0","2","179","27","0.0","93.10344827586206","0.0","0.018859160163507395","1.0","1.0","2","0","2","0.5","0.5"
"group_19072","","hypothetical protein","0","2","179","27","0.0","93.10344827586206","0.0","0.018859160163507395","1.0","1.0","2","0","2","0.5","0.5"
"gbpA_3","","hypothetical protein","0","2","179","27","0.0","93.10344827586206","0.0","0.018859160163507395","1.0","1.0","1","0","1","1.0","1.0"
"group_19077","","hypothetical protein","0","2","179","27","0.0","93.10344827586206","0.0","0.018859160163507395","1.0","1.0","1","0","1","1.0","1.0"
"group_19081","","hypothetical protein","0","2","179","27","0.0","93.10344827586206","0.0","0.018859160163507395","1.0","1.0","1","0","1","1.0","1.0"
"group_19082","","hypothetical protein","0","2","179","27","0.0","93.10344827586206","0.0","0.018859160163507395","1.0","1.0","1","0","1","1.0","1.0"
"group_19437","","hypothetical protein","0","2","179","27","0.0","93.10344827586206","0.0","0.018859160163507395","1.0","1.0","2","0","2","0.5","0.5"
"group_19438","","hypothetical protein","0","2","179","27","0.0","93.10344827586206","0.0","0.018859160163507395","1.0","1.0","2","0","2","0.5","0.5"
"group_19442","","hypothetical protein","0","2","179","27","0.0","93.10344827586206","0.0","0.018859160163507395","1.0","1.0","2","0","2","0.5","0.5"
"group_19473","","hypothetical protein","0","2","179","27","0.0","93.10344827586206","0.0","0.018859160163507395","1.0","1.0","2","0","2","0.5","0.5"
"group_20220","","hypothetical protein","0","2","179","27","0.0","93.10344827586206","0.0","0.018859160163507395","1.0","1.0","2","0","2","0.5","0.5"
"group_20241","","hypothetical protein","0","2","179","27","0.0","93.10344827586206","0.0","0.018859160163507395","1.0","1.0","2","0","2","0.5","0.5"
"group_20245","","hypothetical protein","0","2","179","27","0.0","93.10344827586206","0.0","0.018859160163507395","1.0","1.0","2","0","2","0.5","0.5"
"group_20248","","hypothetical protein","0","2","179","27","0.0","93.10344827586206","0.0","0.018859160163507395","1.0","1.0","2","0","2","0.5","0.5"
"group_20251","","hypothetical protein","0","2","179","27","0.0","93.10344827586206","0.0","0.018859160163507395","1.0","1.0","2","0","2","0.5","0.5"
"group_20569","","hypothetical protein","0","2","179","27","0.0","93.10344827586206","0.0","0.018859160163507395","1.0","1.0","2","0","2","0.5","0.5"
"group_20593","","hypothetical protein","0","2","179","27","0.0","93.10344827586206","0.0","0.018859160163507395","1.0","1.0","2","0","2","0.5","0.5"
"group_20595","","hypothetical protein","0","2","179","27","0.0","93.10344827586206","0.0","0.018859160163507395","1.0","1.0","2","0","2","0.5","0.5"
"group_20778","","hypothetical protein","0","2","179","27","0.0","93.10344827586206","0.0","0.018859160163507395","1.0","1.0","2","0","2","0.5","0.5"
"group_20868","","hypothetical protein","0","2","179","27","0.0","93.10344827586206","0.0","0.018859160163507395","1.0","1.0","2","0","2","0.5","0.5"
"btrK","","L-glutamyl-[BtrI acyl-carrier protein] decarboxylase","0","2","179","27","0.0","93.10344827586206","0.0","0.018859160163507395","1.0","1.0","2","0","2","0.5","0.5"
"group_21929","","hypothetical protein","0","2","179","27","0.0","93.10344827586206","0.0","0.018859160163507395","1.0","1.0","2","0","2","0.5","0.5"
"group_21939","","hypothetical protein","0","2","179","27","0.0","93.10344827586206","0.0","0.018859160163507395","1.0","1.0","2","0","2","0.5","0.5"
"group_21981","","hypothetical protein","0","2","179","27","0.0","93.10344827586206","0.0","0.018859160163507395","1.0","1.0","2","0","2","0.5","0.5"
"group_22610","","hypothetical protein","0","2","179","27","0.0","93.10344827586206","0.0","0.018859160163507395","1.0","1.0","2","0","2","0.5","0.5"
"group_22647","","hypothetical protein","0","2","179","27","0.0","93.10344827586206","0.0","0.018859160163507395","1.0","1.0","2","0","2","0.5","0.5"
"group_22796","","hypothetical protein","0","2","179","27","0.0","93.10344827586206","0.0","0.018859160163507395","1.0","1.0","2","0","2","0.5","0.5"
"group_22800","","hypothetical protein","0","2","179","27","0.0","93.10344827586206","0.0","0.018859160163507395","1.0","1.0","2","0","2","0.5","0.5"
"group_22801","","hypothetical protein","0","2","179","27","0.0","93.10344827586206","0.0","0.018859160163507395","1.0","1.0","2","0","2","0.5","0.5"
"group_22803","","hypothetical protein","0","2","179","27","0.0","93.10344827586206","0.0","0.018859160163507395","1.0","1.0","2","0","2","0.5","0.5"
"group_22804","","hypothetical protein","0","2","179","27","0.0","93.10344827586206","0.0","0.018859160163507395","1.0","1.0","2","0","2","0.5","0.5"
"group_22820","","hypothetical protein","0","2","179","27","0.0","93.10344827586206","0.0","0.018859160163507395","1.0","1.0","2","0","2","0.5","0.5"
"group_23309","","hypothetical protein","0","2","179","27","0.0","93.10344827586206","0.0","0.018859160163507395","1.0","1.0","2","0","2","0.5","0.5"
"group_23316","","hypothetical protein","0","2","179","27","0.0","93.10344827586206","0.0","0.018859160163507395","1.0","1.0","2","0","2","0.5","0.5"
"group_23320","","hypothetical protein","0","2","179","27","0.0","93.10344827586206","0.0","0.018859160163507395","1.0","1.0","2","0","2","0.5","0.5"
"group_23321","","hypothetical protein","0","2","179","27","0.0","93.10344827586206","0.0","0.018859160163507395","1.0","1.0","2","0","2","0.5","0.5"
"group_23808","","hypothetical protein","0","2","179","27","0.0","93.10344827586206","0.0","0.018859160163507395","1.0","1.0","2","0","2","0.5","0.5"
"group_23812","","hypothetical protein","0","2","179","27","0.0","93.10344827586206","0.0","0.018859160163507395","1.0","1.0","2","0","2","0.5","0.5"
"group_24049","","hypothetical protein","0","2","179","27","0.0","93.10344827586206","0.0","0.018859160163507395","1.0","1.0","2","0","2","0.5","0.5"
"group_24102","","hypothetical protein","0","2","179","27","0.0","93.10344827586206","0.0","0.018859160163507395","1.0","1.0","2","0","2","0.5","0.5"
"group_24108","","hypothetical protein","0","2","179","27","0.0","93.10344827586206","0.0","0.018859160163507395","1.0","1.0","2","0","2","0.5","0.5"
"group_24146","","hypothetical protein","0","2","179","27","0.0","93.10344827586206","0.0","0.018859160163507395","1.0","1.0","2","0","2","0.5","0.5"
"group_26356","","hypothetical protein","0","2","179","27","0.0","93.10344827586206","0.0","0.018859160163507395","1.0","1.0","2","0","2","0.5","0.5"
"group_27611","","hypothetical protein","0","2","179","27","0.0","93.10344827586206","0.0","0.018859160163507395","1.0","1.0","2","0","2","0.5","0.5"
"group_27612","","hypothetical protein","0","2","179","27","0.0","93.10344827586206","0.0","0.018859160163507395","1.0","1.0","2","0","2","0.5","0.5"
"group_27613","","hypothetical protein","0","2","179","27","0.0","93.10344827586206","0.0","0.018859160163507395","1.0","1.0","2","0","2","0.5","0.5"
"group_49698","","hypothetical protein","0","2","179","27","0.0","93.10344827586206","0.0","0.018859160163507395","1.0","1.0","2","0","2","0.5","0.5"
"group_52014","","hypothetical protein","0","2","179","27","0.0","93.10344827586206","0.0","0.018859160163507395","1.0","1.0","2","0","2","0.5","0.5"
"group_7174","","hypothetical protein","0","2","179","27","0.0","93.10344827586206","0.0","0.018859160163507395","1.0","1.0","1","0","1","1.0","1.0"
"group_7726","","hypothetical protein","0","2","179","27","0.0","93.10344827586206","0.0","0.018859160163507395","1.0","1.0","2","0","2","0.5","0.5"
"tonB","","hypothetical protein","164","22","15","7","91.62011173184358","24.137931034482758","3.478787878787879","0.01894575020206758","1.0","1.0","10","6","5","0.7539062500000002","1.0"
"group_4821","","hypothetical protein","15","7","164","22","8.379888268156424","75.86206896551724","0.2874564459930314","0.01894575020206758","1.0","1.0","10","6","6","0.7539062500000002","0.7539062500000002"
"group_5004","","hypothetical protein","15","7","164","22","8.379888268156424","75.86206896551724","0.2874564459930314","0.01894575020206758","1.0","1.0","8","5","4","0.7265625000000002","1.0"
"group_5011","","hypothetical protein","15","7","164","22","8.379888268156424","75.86206896551724","0.2874564459930314","0.01894575020206758","1.0","1.0","4","2","2","1.0","1.0"
"group_5282","","hypothetical protein","15","7","164","22","8.379888268156424","75.86206896551724","0.2874564459930314","0.01894575020206758","1.0","1.0","3","1","2","1.0","1.0"
"scmP","","Hippurate hydrolase","123","13","56","16","68.71508379888269","55.172413793103445","2.7032967032967035","0.019346962679278976","1.0","1.0","20","13","10","0.2631759643554687","1.0"
"group_4187","","hypothetical protein","22","9","157","20","12.290502793296088","68.96551724137932","0.31139419674451524","0.020077005998263713","1.0","1.0","13","11","4","0.022460937500000003","0.26684570312499983"
"group_10420","ureF","Urease accessory protein UreF","2","3","177","26","1.1173184357541899","89.65517241379311","0.09792843691148775","0.020246322833535203","1.0","1.0","5","2","3","1.0","1.0"
"group_10532","","hypothetical protein","2","3","177","26","1.1173184357541899","89.65517241379311","0.09792843691148775","0.020246322833535203","1.0","1.0","2","1","2","0.5","1.0"
"group_10564","","hypothetical protein","2","3","177","26","1.1173184357541899","89.65517241379311","0.09792843691148775","0.020246322833535203","1.0","1.0","5","2","3","1.0","1.0"
"group_10565","","hypothetical protein","2","3","177","26","1.1173184357541899","89.65517241379311","0.09792843691148775","0.020246322833535203","1.0","1.0","5","2","3","1.0","1.0"
"group_11347","","hypothetical protein","2","3","177","26","1.1173184357541899","89.65517241379311","0.09792843691148775","0.020246322833535203","1.0","1.0","4","2","3","0.625","1.0"
"group_11382","","hypothetical protein","2","3","177","26","1.1173184357541899","89.65517241379311","0.09792843691148775","0.020246322833535203","1.0","1.0","3","2","2","1.0","1.0"
"group_11397","","hypothetical protein","2","3","177","26","1.1173184357541899","89.65517241379311","0.09792843691148775","0.020246322833535203","1.0","1.0","4","1","3","0.625","0.625"
"group_11403","","hypothetical protein","2","3","177","26","1.1173184357541899","89.65517241379311","0.09792843691148775","0.020246322833535203","1.0","1.0","5","2","3","1.0","1.0"
"group_11404","","hypothetical protein","2","3","177","26","1.1173184357541899","89.65517241379311","0.09792843691148775","0.020246322833535203","1.0","1.0","5","2","3","1.0","1.0"
"group_11492","","hypothetical protein","2","3","177","26","1.1173184357541899","89.65517241379311","0.09792843691148775","0.020246322833535203","1.0","1.0","3","2","2","1.0","1.0"
"group_11543","","hypothetical protein","2","3","177","26","1.1173184357541899","89.65517241379311","0.09792843691148775","0.020246322833535203","1.0","1.0","3","2","2","1.0","1.0"
"group_11978","","hypothetical protein","2","3","177","26","1.1173184357541899","89.65517241379311","0.09792843691148775","0.020246322833535203","1.0","1.0","2","1","2","0.5","1.0"
"group_13091","","hypothetical protein","2","3","177","26","1.1173184357541899","89.65517241379311","0.09792843691148775","0.020246322833535203","1.0","1.0","5","2","3","1.0","1.0"
"group_13368","","hypothetical protein","2","3","177","26","1.1173184357541899","89.65517241379311","0.09792843691148775","0.020246322833535203","1.0","1.0","3","2","2","1.0","1.0"
"group_5878","","hypothetical protein","2","3","177","26","1.1173184357541899","89.65517241379311","0.09792843691148775","0.020246322833535203","1.0","1.0","2","1","2","0.5","1.0"
"group_7519","","hypothetical protein","2","3","177","26","1.1173184357541899","89.65517241379311","0.09792843691148775","0.020246322833535203","1.0","1.0","3","2","2","1.0","1.0"
"group_8911","","hypothetical protein","2","3","177","26","1.1173184357541899","89.65517241379311","0.09792843691148775","0.020246322833535203","1.0","1.0","5","2","3","1.0","1.0"
"group_9449","","hypothetical protein","2","3","177","26","1.1173184357541899","89.65517241379311","0.09792843691148775","0.020246322833535203","1.0","1.0","4","2","3","0.625","1.0"
"group_9459","","hypothetical protein","2","3","177","26","1.1173184357541899","89.65517241379311","0.09792843691148775","0.020246322833535203","1.0","1.0","4","2","3","0.625","1.0"
"group_9826","","hypothetical protein","2","3","177","26","1.1173184357541899","89.65517241379311","0.09792843691148775","0.020246322833535203","1.0","1.0","2","1","2","0.5","1.0"
"group_3429","","hypothetical protein","39","1","140","28","21.787709497206702","96.55172413793103","7.8","0.020270935690237336","1.0","1.0","10","9","1","0.021484374999999997","0.021484374999999997"
"xpkA","","Xylulose-5-phosphate phosphoketolase","40","1","139","28","22.3463687150838","96.55172413793103","8.057553956834532","0.020730775443999407","1.0","1.0","9","8","1","0.0390625","0.0390625"
"group_6236","","hypothetical protein","8","5","171","24","4.4692737430167595","82.75862068965517","0.22456140350877193","0.02151286511303309","1.0","1.0","3","1","2","1.0","1.0"
"group_6598","","hypothetical protein","8","5","171","24","4.4692737430167595","82.75862068965517","0.22456140350877193","0.02151286511303309","1.0","1.0","3","3","1","0.25","1.0"
"group_6694","","hypothetical protein","8","5","171","24","4.4692737430167595","82.75862068965517","0.22456140350877193","0.02151286511303309","1.0","1.0","5","2","4","0.375","1.0"
"group_6896","","hypothetical protein","8","5","171","24","4.4692737430167595","82.75862068965517","0.22456140350877193","0.02151286511303309","1.0","1.0","5","4","1","0.375","0.375"
"group_3339","","hypothetical protein","31","11","148","18","17.318435754189945","62.06896551724138","0.34275184275184273","0.021812022811987755","1.0","1.0","5","4","3","0.375","1.0"
"group_3427","","Urea transporter","31","11","148","18","17.318435754189945","62.06896551724138","0.34275184275184273","0.021812022811987755","1.0","1.0","11","6","6","0.9999999999999997","0.9999999999999997"
"group_2228","","hypothetical protein","63","17","116","12","35.19553072625698","41.37931034482759","0.38336713995943206","0.022766668621736468","1.0","1.0","13","5","9","0.26684570312499983","0.5810546875"
"rapZ","","RNase adapter protein RapZ","174","25","5","4","97.20670391061452","13.793103448275861","5.568","0.023598356725340195","1.0","1.0","5","3","4","0.375","1.0"
"group_6626","","hypothetical protein","5","4","174","25","2.793296089385475","86.20689655172413","0.17959770114942528","0.023598356725340195","1.0","1.0","6","2","4","0.6875000000000002","0.6875000000000002"
"group_6701","","hypothetical protein","5","4","174","25","2.793296089385475","86.20689655172413","0.17959770114942528","0.023598356725340195","1.0","1.0","5","3","4","0.375","1.0"
"group_6934","","hypothetical protein","5","4","174","25","2.793296089385475","86.20689655172413","0.17959770114942528","0.023598356725340195","1.0","1.0","6","2","4","0.6875000000000002","0.6875000000000002"
"group_7810","","hypothetical protein","5","4","174","25","2.793296089385475","86.20689655172413","0.17959770114942528","0.023598356725340195","1.0","1.0","8","5","4","0.7265625000000002","1.0"
"group_7829","","hypothetical protein","5","4","174","25","2.793296089385475","86.20689655172413","0.17959770114942528","0.023598356725340195","1.0","1.0","8","5","4","0.7265625000000002","1.0"
"group_7930","","hypothetical protein","5","4","174","25","2.793296089385475","86.20689655172413","0.17959770114942528","0.023598356725340195","1.0","1.0","7","4","4","0.9999999999999998","0.9999999999999998"
"group_8039","","hypothetical protein","5","4","174","25","2.793296089385475","86.20689655172413","0.17959770114942528","0.023598356725340195","1.0","1.0","4","3","1","0.625","0.625"
"group_8059","","hypothetical protein","5","4","174","25","2.793296089385475","86.20689655172413","0.17959770114942528","0.023598356725340195","1.0","1.0","2","2","1","0.5","1.0"
"group_8068","","hypothetical protein","5","4","174","25","2.793296089385475","86.20689655172413","0.17959770114942528","0.023598356725340195","1.0","1.0","5","4","2","0.375","1.0"
"yjhB","","Putative metabolite transport protein YjhB","5","4","174","25","2.793296089385475","86.20689655172413","0.17959770114942528","0.023598356725340195","1.0","1.0","6","4","3","0.6875000000000002","1.0"
"group_8618","","hypothetical protein","5","4","174","25","2.793296089385475","86.20689655172413","0.17959770114942528","0.023598356725340195","1.0","1.0","6","4","2","0.6875000000000002","0.6875000000000002"
"group_9226","","hypothetical protein","5","4","174","25","2.793296089385475","86.20689655172413","0.17959770114942528","0.023598356725340195","1.0","1.0","3","3","1","0.25","1.0"
"group_5289","","hypothetical protein","12","6","167","23","6.70391061452514","79.3103448275862","0.2754491017964072","0.024278416897565883","1.0","1.0","4","3","1","0.625","0.625"
"group_5581","","hypothetical protein","12","6","167","23","6.70391061452514","79.3103448275862","0.2754491017964072","0.024278416897565883","1.0","1.0","4","3","1","0.625","0.625"
"group_5587","","hypothetical protein","12","6","167","23","6.70391061452514","79.3103448275862","0.2754491017964072","0.024278416897565883","1.0","1.0","4","2","3","0.625","1.0"
"group_5588","","hypothetical protein","12","6","167","23","6.70391061452514","79.3103448275862","0.2754491017964072","0.024278416897565883","1.0","1.0","4","2","3","0.625","1.0"
"group_5590","","hypothetical protein","12","6","167","23","6.70391061452514","79.3103448275862","0.2754491017964072","0.024278416897565883","1.0","1.0","3","3","1","0.25","1.0"
"group_5591","","hypothetical protein","12","6","167","23","6.70391061452514","79.3103448275862","0.2754491017964072","0.024278416897565883","1.0","1.0","3","2","1","1.0","1.0"
"group_4419","","hypothetical protein","16","7","163","22","8.938547486033519","75.86206896551724","0.30850131463628394","0.02453361524699099","1.0","1.0","11","8","5","0.22656250000000003","0.9999999999999997"
"group_4497","","hypothetical protein","16","7","163","22","8.938547486033519","75.86206896551724","0.30850131463628394","0.02453361524699099","1.0","1.0","5","3","2","1.0","1.0"
"dsbA_1","","hypothetical protein","16","7","163","22","8.938547486033519","75.86206896551724","0.30850131463628394","0.02453361524699099","1.0","1.0","4","2","2","1.0","1.0"
"gntP","","High-affinity gluconate transporter","16","7","163","22","8.938547486033519","75.86206896551724","0.30850131463628394","0.02453361524699099","1.0","1.0","8","4","5","0.7265625000000002","1.0"
"group_4911","","hypothetical protein","16","7","163","22","8.938547486033519","75.86206896551724","0.30850131463628394","0.02453361524699099","1.0","1.0","6","4","2","0.6875000000000002","0.6875000000000002"
"group_4915","","hypothetical protein","16","7","163","22","8.938547486033519","75.86206896551724","0.30850131463628394","0.02453361524699099","1.0","1.0","5","3","2","1.0","1.0"
"group_5159","","hypothetical protein","16","7","163","22","8.938547486033519","75.86206896551724","0.30850131463628394","0.02453361524699099","1.0","1.0","2","1","1","1.0","1.0"
"group_5283","","hypothetical protein","16","7","163","22","8.938547486033519","75.86206896551724","0.30850131463628394","0.02453361524699099","1.0","1.0","3","1","2","1.0","1.0"
"group_5437","","hypothetical protein","16","7","163","22","8.938547486033519","75.86206896551724","0.30850131463628394","0.02453361524699099","1.0","1.0","3","2","1","1.0","1.0"
"appA","","hypothetical protein","102","23","77","6","56.98324022346368","20.689655172413794","0.3455674760022586","0.02490360421598523","1.0","1.0","13","4","10","0.09228515625000003","0.26684570312499983"
"btuB_1","","Vitamin B12 transporter BtuB","55","3","124","26","30.726256983240223","89.65517241379311","3.8440860215053765","0.024977861735776426","1.0","1.0","13","12","3","0.0034179687499999996","0.09228515625000003"
"group_3978","","hypothetical protein","24","9","155","20","13.40782122905028","68.96551724137932","0.34408602150537637","0.02583379134178558","1.0","1.0","6","2","4","0.6875000000000002","0.6875000000000002"
"group_4069","","hypothetical protein","24","9","155","20","13.40782122905028","68.96551724137932","0.34408602150537637","0.02583379134178558","1.0","1.0","12","9","4","0.14599609375000003","0.3876953125000001"
"yybR","","hypothetical protein","132","15","47","14","73.74301675977654","48.275862068965516","2.6212765957446806","0.026097000915860286","1.0","1.0","19","12","9","0.3592834472656249","1.0"
"cutA","","Divalent-cation tolerance protein CutA","92","8","87","21","51.39664804469274","72.41379310344827","2.7758620689655173","0.02627714707163121","1.0","1.0","8","7","5","0.0703125","0.7265625000000002"
"rayT","","hypothetical protein","83","7","96","22","46.36871508379888","75.86206896551724","2.7172619047619047","0.02713607575020592","1.0","1.0","18","13","5","0.09625244140624999","0.09625244140624999"
"msrP","","Protein-methionine-sulfoxide reductase catalytic subunit MsrP","131","15","48","14","73.18435754189943","48.275862068965516","2.547222222222222","0.027568897724252618","1.0","1.0","13","8","7","0.5810546875","0.9999999999999999"
"hipA","","hypothetical protein","96","9","83","20","53.63128491620112","68.96551724137932","2.570281124497992","0.02802740509422291","1.0","1.0","21","16","9","0.026603698730468753","0.6636238098144525"
"group_3195","","hypothetical protein","34","11","145","18","18.994413407821227","62.06896551724138","0.38369905956112854","0.02894177875536512","1.0","1.0","7","5","3","0.4531249999999996","0.9999999999999998"
"group_3851","","hypothetical protein","25","0","154","29","13.966480446927374","100.0","inf","0.029231258680907223","1.0","1.0","5","5","0","0.0625","0.0625"
"group_4647","","hypothetical protein","25","0","154","29","13.966480446927374","100.0","inf","0.029231258680907223","1.0","1.0","8","8","0","0.0078125","0.0078125"
"group_4661","","hypothetical protein","25","0","154","29","13.966480446927374","100.0","inf","0.029231258680907223","1.0","1.0","2","2","0","0.5","0.5"
"dksA_2","","hypothetical protein","25","0","154","29","13.966480446927374","100.0","inf","0.029231258680907223","1.0","1.0","3","3","0","0.25","0.25"
"group_2622","","hypothetical protein","49","14","130","15","27.37430167597765","51.724137931034484","0.40384615384615385","0.029604438682985425","1.0","1.0","10","5","5","1.0","1.0"
"group_4663","","hypothetical protein","26","0","153","29","14.52513966480447","100.0","inf","0.029713311870394027","1.0","1.0","8","8","0","0.0078125","0.0078125"
"group_4688","","hypothetical protein","26","0","153","29","14.52513966480447","100.0","inf","0.029713311870394027","1.0","1.0","3","3","0","0.25","0.25"
"susB","","Glucan 1,4-alpha-glucosidase SusB","24","0","155","29","13.40782122905028","100.0","inf","0.029895301019740188","1.0","1.0","4","4","0","0.125","0.125"
"group_4559","","hypothetical protein","24","0","155","29","13.40782122905028","100.0","inf","0.029895301019740188","1.0","1.0","6","6","0","0.03125","0.03125"
"group_4746","","hypothetical protein","24","0","155","29","13.40782122905028","100.0","inf","0.029895301019740188","1.0","1.0","8","8","0","0.0078125","0.0078125"
"adoK","","Adenosine kinase","24","0","155","29","13.40782122905028","100.0","inf","0.029895301019740188","1.0","1.0","3","3","0","0.25","0.25"
"zapA","","Cell division protein ZapA","170","24","9","5","94.97206703910615","17.24137931034483","3.935185185185185","0.03015105111838824","1.0","1.0","4","3","2","0.625","1.0"
"hasA","","Hemophore HasA","9","5","170","24","5.027932960893855","82.75862068965517","0.2541176470588235","0.030151051118388242","1.0","1.0","6","4","2","0.6875000000000002","0.6875000000000002"
"dtpB","","Dipeptide and tripeptide permease B","9","5","170","24","5.027932960893855","82.75862068965517","0.2541176470588235","0.030151051118388242","1.0","1.0","6","4","3","0.6875000000000002","1.0"
"group_6140","","hypothetical protein","9","5","170","24","5.027932960893855","82.75862068965517","0.2541176470588235","0.030151051118388242","1.0","1.0","3","1","2","1.0","1.0"
"group_6153","","hypothetical protein","9","5","170","24","5.027932960893855","82.75862068965517","0.2541176470588235","0.030151051118388242","1.0","1.0","3","2","2","1.0","1.0"
"group_6208","rcsA","Transcriptional regulatory protein RcsA","9","5","170","24","5.027932960893855","82.75862068965517","0.2541176470588235","0.030151051118388242","1.0","1.0","6","4","3","0.6875000000000002","1.0"
"group_6259","","hypothetical protein","9","5","170","24","5.027932960893855","82.75862068965517","0.2541176470588235","0.030151051118388242","1.0","1.0","5","5","1","0.0625","0.375"
"group_6360","","hypothetical protein","9","5","170","24","5.027932960893855","82.75862068965517","0.2541176470588235","0.030151051118388242","1.0","1.0","4","4","1","0.125","0.625"
"group_6362","","hypothetical protein","9","5","170","24","5.027932960893855","82.75862068965517","0.2541176470588235","0.030151051118388242","1.0","1.0","5","4","2","0.375","1.0"
"group_6365","","hypothetical protein","9","5","170","24","5.027932960893855","82.75862068965517","0.2541176470588235","0.030151051118388242","1.0","1.0","4","4","1","0.125","0.625"
"group_6892","","hypothetical protein","9","5","170","24","5.027932960893855","82.75862068965517","0.2541176470588235","0.030151051118388242","1.0","1.0","4","3","1","0.625","0.625"
"mshD","","hypothetical protein","62","4","117","25","34.63687150837989","86.20689655172413","3.3119658119658117","0.030471840640038952","1.0","1.0","19","17","4","0.0007286071777343752","0.019210815429687503"
"proC_1","","hypothetical protein","46","2","133","27","25.69832402234637","93.10344827586206","4.669172932330827","0.030565027424382225","1.0","1.0","14","12","2","0.012939453124999998","0.012939453124999998"
"group_2433","","hypothetical protein","45","2","134","27","25.139664804469277","93.10344827586206","4.5335820895522385","0.030708836243015118","1.0","1.0","12","10","2","0.038574218750000014","0.038574218750000014"
"group_2670","","hypothetical protein","45","2","134","27","25.139664804469277","93.10344827586206","4.5335820895522385","0.030708836243015118","1.0","1.0","10","9","1","0.021484374999999997","0.021484374999999997"
"group_3103","","hypothetical protein","45","2","134","27","25.139664804469277","93.10344827586206","4.5335820895522385","0.030708836243015118","1.0","1.0","11","9","2","0.06542968749999997","0.06542968749999997"
"group_3057","","hypothetical protein","47","2","132","27","26.256983240223462","93.10344827586206","4.806818181818182","0.03113936763224394","1.0","1.0","9","8","2","0.0390625","0.17968750000000003"
"rimK","","hypothetical protein","160","21","19","8","89.3854748603352","27.586206896551722","3.208020050125313","0.03134451082667567","1.0","1.0","9","5","7","0.17968750000000003","1.0"
"group_3749","","hypothetical protein","19","8","160","21","10.614525139664805","72.41379310344827","0.31171875","0.03134451082667568","1.0","1.0","12","6","6","1.0","1.0"
"group_1170","","hypothetical protein","44","2","135","27","24.581005586592177","93.10344827586206","4.4","0.03157285067133503","1.0","1.0","8","7","2","0.0703125","0.2890624999999999"
"cdpA_2","","hypothetical protein","13","6","166","23","7.262569832402235","79.3103448275862","0.3002008032128514","0.03195417628111026","1.0","1.0","11","8","3","0.22656250000000003","0.22656250000000003"
"group_5125","","hypothetical protein","13","6","166","23","7.262569832402235","79.3103448275862","0.3002008032128514","0.03195417628111026","1.0","1.0","14","9","6","0.4239501953124999","0.7905273437500004"
"group_5162","","hypothetical protein","13","6","166","23","7.262569832402235","79.3103448275862","0.3002008032128514","0.03195417628111026","1.0","1.0","4","3","1","0.625","0.625"
"gadA","","Glutamate decarboxylase","13","6","166","23","7.262569832402235","79.3103448275862","0.3002008032128514","0.03195417628111026","1.0","1.0","9","7","3","0.17968750000000003","0.5078125"
"group_5592","","hypothetical protein","13","6","166","23","7.262569832402235","79.3103448275862","0.3002008032128514","0.03195417628111026","1.0","1.0","3","3","1","0.25","1.0"
"group_5936","","hypothetical protein","13","6","166","23","7.262569832402235","79.3103448275862","0.3002008032128514","0.03195417628111026","1.0","1.0","5","3","2","1.0","1.0"
"group_6341","","hypothetical protein","13","6","166","23","7.262569832402235","79.3103448275862","0.3002008032128514","0.03195417628111026","1.0","1.0","3","2","1","1.0","1.0"
"phnW","","2-aminoethylphosphonate--pyruvate transaminase","54","15","125","14","30.16759776536313","48.275862068965516","0.4032","0.03227884027135139","1.0","1.0","16","9","8","0.8036193847656252","1.0"
"katG","","Catalase-peroxidase","125","14","54","15","69.83240223463687","51.724137931034484","2.4801587301587302","0.032278840271351396","1.0","1.0","20","9","11","0.8238029479980463","0.8238029479980463"
"pepN_2","","hypothetical protein","36","1","143","28","20.11173184357542","96.55172413793103","7.048951048951049","0.033669227847480776","1.0","1.0","5","4","1","0.375","0.375"
"repE","","hypothetical protein","36","1","143","28","20.11173184357542","96.55172413793103","7.048951048951049","0.033669227847480776","1.0","1.0","18","17","1","0.00014495849609375","0.00014495849609375"
"axeA1","","hypothetical protein","36","1","143","28","20.11173184357542","96.55172413793103","7.048951048951049","0.033669227847480776","1.0","1.0","7","7","1","0.015625","0.125"
"csy3","","CRISPR-associated protein Csy3","35","1","144","28","19.553072625698324","96.55172413793103","6.805555555555555","0.03369712473852136","1.0","1.0","17","16","1","0.000274658203125","0.000274658203125"
"group_3442","","hypothetical protein","35","1","144","28","19.553072625698324","96.55172413793103","6.805555555555555","0.03369712473852136","1.0","1.0","6","5","1","0.21875000000000003","0.21875000000000003"
"auaH","","hypothetical protein","35","1","144","28","19.553072625698324","96.55172413793103","6.805555555555555","0.03369712473852136","1.0","1.0","11","11","1","0.0009765625","0.011718750000000002"
"group_4418","","hypothetical protein","20","8","159","21","11.1731843575419","72.41379310344827","0.330188679245283","0.03413794597587841","1.0","1.0","13","9","5","0.26684570312499983","0.5810546875"
"oar","","hypothetical protein","34","1","145","28","18.994413407821227","96.55172413793103","6.56551724137931","0.03465892368394667","1.0","1.0","5","4","1","0.375","0.375"
"pelX","","hypothetical protein","34","1","145","28","18.994413407821227","96.55172413793103","6.56551724137931","0.03465892368394667","1.0","1.0","11","10","1","0.011718750000000002","0.011718750000000002"
"group_3216","","hypothetical protein","34","1","145","28","18.994413407821227","96.55172413793103","6.56551724137931","0.03465892368394667","1.0","1.0","8","7","1","0.0703125","0.0703125"
"chaB","","Putative cation transport regulator ChaB","34","1","145","28","18.994413407821227","96.55172413793103","6.56551724137931","0.03465892368394667","1.0","1.0","5","5","1","0.0625","0.375"
"gudD","","Glucarate dehydratase","69","5","110","24","38.547486033519554","82.75862068965517","3.0109090909090908","0.035166702110553706","1.0","1.0","14","12","4","0.012939453124999998","0.17956542968750003"
"group_2354","yddG","Aromatic amino acid exporter YddG","59","16","120","13","32.960893854748605","44.827586206896555","0.39947916666666666","0.035443964838129165","1.0","1.0","13","7","7","0.9999999999999999","0.9999999999999999"
"xseB","","Exodeoxyribonuclease 7 small subunit","173","25","6","4","96.64804469273743","13.793103448275861","4.613333333333333","0.03549178959841924","1.0","1.0","2","2","1","0.5","1.0"
"xseA","","Exodeoxyribonuclease 7 large subunit","173","25","6","4","96.64804469273743","13.793103448275861","4.613333333333333","0.03549178959841924","1.0","1.0","2","2","1","0.5","1.0"
"group_5940","","hypothetical protein","6","4","173","25","3.35195530726257","86.20689655172413","0.21676300578034682","0.03549178959841924","1.0","1.0","5","4","1","0.375","0.375"
"group_6038","","hypothetical protein","6","4","173","25","3.35195530726257","86.20689655172413","0.21676300578034682","0.03549178959841924","1.0","1.0","4","2","3","0.625","1.0"
"group_6378","","hypothetical protein","6","4","173","25","3.35195530726257","86.20689655172413","0.21676300578034682","0.03549178959841924","1.0","1.0","10","6","4","0.7539062500000002","0.7539062500000002"
"group_6596","","hypothetical protein","6","4","173","25","3.35195530726257","86.20689655172413","0.21676300578034682","0.03549178959841924","1.0","1.0","6","5","2","0.21875000000000003","0.6875000000000002"
"fimH","","hypothetical protein","6","4","173","25","3.35195530726257","86.20689655172413","0.21676300578034682","0.03549178959841924","1.0","1.0","6","3","4","0.6875000000000002","1.0"
"group_6895","","hypothetical protein","6","4","173","25","3.35195530726257","86.20689655172413","0.21676300578034682","0.03549178959841924","1.0","1.0","9","5","4","1.0","1.0"
"group_7017","","hypothetical protein","6","4","173","25","3.35195530726257","86.20689655172413","0.21676300578034682","0.03549178959841924","1.0","1.0","4","3","4","0.125","0.625"
"group_7131","","hypothetical protein","6","4","173","25","3.35195530726257","86.20689655172413","0.21676300578034682","0.03549178959841924","1.0","1.0","6","5","2","0.21875000000000003","0.6875000000000002"
"group_7219","","hypothetical protein","6","4","173","25","3.35195530726257","86.20689655172413","0.21676300578034682","0.03549178959841924","1.0","1.0","4","3","2","0.625","1.0"
"group_7238","","hypothetical protein","6","4","173","25","3.35195530726257","86.20689655172413","0.21676300578034682","0.03549178959841924","1.0","1.0","3","2","3","0.25","1.0"
"tolC_2","","Outer membrane protein TolC","6","4","173","25","3.35195530726257","86.20689655172413","0.21676300578034682","0.03549178959841924","1.0","1.0","6","4","3","0.6875000000000002","1.0"
"group_7446","","hypothetical protein","6","4","173","25","3.35195530726257","86.20689655172413","0.21676300578034682","0.03549178959841924","1.0","1.0","8","6","4","0.2890624999999999","1.0"
"group_7497","","hypothetical protein","6","4","173","25","3.35195530726257","86.20689655172413","0.21676300578034682","0.03549178959841924","1.0","1.0","3","0","3","0.25","0.25"
"group_7560","","hypothetical protein","6","4","173","25","3.35195530726257","86.20689655172413","0.21676300578034682","0.03549178959841924","1.0","1.0","6","5","3","0.21875000000000003","1.0"
"group_7572","","hypothetical protein","6","4","173","25","3.35195530726257","86.20689655172413","0.21676300578034682","0.03549178959841924","1.0","1.0","5","4","1","0.375","0.375"
"group_7581","","hypothetical protein","6","4","173","25","3.35195530726257","86.20689655172413","0.21676300578034682","0.03549178959841924","1.0","1.0","2","2","1","0.5","1.0"
"group_8042","lagD","Lactococcin-G-processing and transport ATP-binding protein LagD","6","4","173","25","3.35195530726257","86.20689655172413","0.21676300578034682","0.03549178959841924","1.0","1.0","6","4","3","0.6875000000000002","1.0"
"group_8062","","hypothetical protein","6","4","173","25","3.35195530726257","86.20689655172413","0.21676300578034682","0.03549178959841924","1.0","1.0","3","3","1","0.25","1.0"
"group_2378","","hypothetical protein","68","5","111","24","37.988826815642454","82.75862068965517","2.9405405405405407","0.035501450558904","1.0","1.0","11","6","5","0.9999999999999997","0.9999999999999997"
"bamB_1","","hypothetical protein","29","10","150","19","16.201117318435752","65.51724137931035","0.36733333333333335","0.03640755728642492","1.0","1.0","13","7","7","0.9999999999999999","0.9999999999999999"
"group_3373","","hypothetical protein","29","10","150","19","16.201117318435752","65.51724137931035","0.36733333333333335","0.03640755728642492","1.0","1.0","13","7","7","0.9999999999999999","0.9999999999999999"
"dxr","","1-deoxy-D-xylulose 5-phosphate reductoisomerase","176","26","3","3","98.32402234636871","10.344827586206897","6.769230769230769","0.03666677552347948","1.0","1.0","4","3","3","0.625","0.625"
"rpoE","","hypothetical protein","176","26","3","3","98.32402234636871","10.344827586206897","6.769230769230769","0.03666677552347948","1.0","1.0","2","2","2","0.5","0.5"
"group_10097","","hypothetical protein","3","3","176","26","1.675977653631285","89.65517241379311","0.14772727272727273","0.03666677552347948","1.0","1.0","5","3","2","1.0","1.0"
"group_10158","","hypothetical protein","3","3","176","26","1.675977653631285","89.65517241379311","0.14772727272727273","0.03666677552347948","1.0","1.0","2","2","2","0.5","0.5"
"group_10162","","hypothetical protein","3","3","176","26","1.675977653631285","89.65517241379311","0.14772727272727273","0.03666677552347948","1.0","1.0","3","2","2","1.0","1.0"
"xylE_2","","Metapyrocatechase","3","3","176","26","1.675977653631285","89.65517241379311","0.14772727272727273","0.03666677552347948","1.0","1.0","4","2","3","0.625","1.0"
"group_7524","lgrD","hypothetical protein","3","3","176","26","1.675977653631285","89.65517241379311","0.14772727272727273","0.03666677552347948","1.0","1.0","3","2","3","0.25","1.0"
"group_7813","","hypothetical protein","3","3","176","26","1.675977653631285","89.65517241379311","0.14772727272727273","0.03666677552347948","1.0","1.0","1","1","1","1.0","1.0"
"group_8586","","hypothetical protein","3","3","176","26","1.675977653631285","89.65517241379311","0.14772727272727273","0.03666677552347948","1.0","1.0","6","3","3","1.0","1.0"
"group_8887","","hypothetical protein","3","3","176","26","1.675977653631285","89.65517241379311","0.14772727272727273","0.03666677552347948","1.0","1.0","1","1","1","1.0","1.0"
"group_8894","","hypothetical protein","3","3","176","26","1.675977653631285","89.65517241379311","0.14772727272727273","0.03666677552347948","1.0","1.0","3","2","2","1.0","1.0"
"group_8900","","hypothetical protein","3","3","176","26","1.675977653631285","89.65517241379311","0.14772727272727273","0.03666677552347948","1.0","1.0","3","1","2","1.0","1.0"
"group_9083","","hypothetical protein","3","3","176","26","1.675977653631285","89.65517241379311","0.14772727272727273","0.03666677552347948","1.0","1.0","5","3","3","1.0","1.0"
"group_9266","","hypothetical protein","3","3","176","26","1.675977653631285","89.65517241379311","0.14772727272727273","0.03666677552347948","1.0","1.0","3","2","2","1.0","1.0"
"group_9275","","hypothetical protein","3","3","176","26","1.675977653631285","89.65517241379311","0.14772727272727273","0.03666677552347948","1.0","1.0","5","3","3","1.0","1.0"
"group_9298","","hypothetical protein","3","3","176","26","1.675977653631285","89.65517241379311","0.14772727272727273","0.03666677552347948","1.0","1.0","6","3","3","1.0","1.0"
"group_9455","","hypothetical protein","3","3","176","26","1.675977653631285","89.65517241379311","0.14772727272727273","0.03666677552347948","1.0","1.0","5","3","2","1.0","1.0"
"group_9581","","hypothetical protein","3","3","176","26","1.675977653631285","89.65517241379311","0.14772727272727273","0.03666677552347948","1.0","1.0","1","1","1","1.0","1.0"
"group_9583","","hypothetical protein","3","3","176","26","1.675977653631285","89.65517241379311","0.14772727272727273","0.03666677552347948","1.0","1.0","1","1","1","1.0","1.0"
"group_9589","","hypothetical protein","3","3","176","26","1.675977653631285","89.65517241379311","0.14772727272727273","0.03666677552347948","1.0","1.0","1","1","1","1.0","1.0"
"group_9590","","hypothetical protein","3","3","176","26","1.675977653631285","89.65517241379311","0.14772727272727273","0.03666677552347948","1.0","1.0","1","1","1","1.0","1.0"
"group_9594","","hypothetical protein","3","3","176","26","1.675977653631285","89.65517241379311","0.14772727272727273","0.03666677552347948","1.0","1.0","1","1","1","1.0","1.0"
"group_9599","","hypothetical protein","3","3","176","26","1.675977653631285","89.65517241379311","0.14772727272727273","0.03666677552347948","1.0","1.0","1","1","1","1.0","1.0"
"pstS_2","","hypothetical protein","3","3","176","26","1.675977653631285","89.65517241379311","0.14772727272727273","0.03666677552347948","1.0","1.0","5","3","3","1.0","1.0"
"odh","","Opine dehydrogenase","3","3","176","26","1.675977653631285","89.65517241379311","0.14772727272727273","0.03666677552347948","1.0","1.0","5","2","3","1.0","1.0"
"group_9864","","hypothetical protein","3","3","176","26","1.675977653631285","89.65517241379311","0.14772727272727273","0.03666677552347948","1.0","1.0","5","3","3","1.0","1.0"
"group_9883","","hypothetical protein","3","3","176","26","1.675977653631285","89.65517241379311","0.14772727272727273","0.03666677552347948","1.0","1.0","3","1","2","1.0","1.0"
"group_9884","","hypothetical protein","3","3","176","26","1.675977653631285","89.65517241379311","0.14772727272727273","0.03666677552347948","1.0","1.0","6","3","3","1.0","1.0"
"group_9987","","hypothetical protein","3","3","176","26","1.675977653631285","89.65517241379311","0.14772727272727273","0.03666677552347948","1.0","1.0","6","3","3","1.0","1.0"
"group_3421","","hypothetical protein","21","8","158","21","11.731843575418994","72.41379310344827","0.34889240506329117","0.03811350546904283","1.0","1.0","10","6","4","0.7539062500000002","0.7539062500000002"
"group_4320","","hypothetical protein","21","8","158","21","11.731843575418994","72.41379310344827","0.34889240506329117","0.03811350546904283","1.0","1.0","5","2","3","1.0","1.0"
"group_4508","","hypothetical protein","21","8","158","21","11.731843575418994","72.41379310344827","0.34889240506329117","0.03811350546904283","1.0","1.0","4","3","2","0.625","1.0"
"group_2345","","hypothetical protein","62","16","117","13","34.63687150837989","44.827586206896555","0.4305555555555556","0.03996766812583795","1.0","1.0","14","6","9","0.4239501953124999","0.7905273437500004"
"arcA_2","","Arginine deiminase","62","16","117","13","34.63687150837989","44.827586206896555","0.4305555555555556","0.03996766812583795","1.0","1.0","15","9","7","0.6072387695312501","0.9999999999999997"
"group_5381","","hypothetical protein","10","5","169","24","5.58659217877095","82.75862068965517","0.28402366863905326","0.040748413331138315","1.0","1.0","6","4","2","0.6875000000000002","0.6875000000000002"
"group_5750","","hypothetical protein","10","5","169","24","5.58659217877095","82.75862068965517","0.28402366863905326","0.040748413331138315","1.0","1.0","7","4","4","0.9999999999999998","0.9999999999999998"
"group_5820","","hypothetical protein","10","5","169","24","5.58659217877095","82.75862068965517","0.28402366863905326","0.040748413331138315","1.0","1.0","2","1","2","0.5","1.0"
"group_5871","","hypothetical protein","10","5","169","24","5.58659217877095","82.75862068965517","0.28402366863905326","0.040748413331138315","1.0","1.0","10","5","5","1.0","1.0"
"group_6204","","hypothetical protein","10","5","169","24","5.58659217877095","82.75862068965517","0.28402366863905326","0.040748413331138315","1.0","1.0","7","6","1","0.125","0.125"
"dgoD","","D-galactonate dehydratase","112","12","67","17","62.56983240223464","58.620689655172406","2.3681592039800994","0.0408126687534885","1.0","1.0","18","11","8","0.48068237304687483","0.8145294189453123"
"tgpA","","putative protein","112","12","67","17","62.56983240223464","58.620689655172406","2.3681592039800994","0.0408126687534885","1.0","1.0","16","10","8","0.45449829101562506","1.0"
"gsiB","","hypothetical protein","51","3","128","26","28.49162011173184","89.65517241379311","3.453125","0.0408653609113748","1.0","1.0","9","7","3","0.17968750000000003","0.5078125"
"ybaA","","putative protein YbaA","51","3","128","26","28.49162011173184","89.65517241379311","3.453125","0.0408653609113748","1.0","1.0","14","11","3","0.05737304687500002","0.05737304687500002"
"otsB","","Trehalose-6-phosphate phosphatase","51","3","128","26","28.49162011173184","89.65517241379311","3.453125","0.0408653609113748","1.0","1.0","10","9","3","0.021484374999999997","0.3437499999999999"
"xcpV","","hypothetical protein","106","23","73","6","59.217877094972074","20.689655172413794","0.3787969029184038","0.04104206272004276","1.0","1.0","13","4","13","0.000244140625","0.26684570312499983"
"group_3748","","hypothetical protein","14","6","165","23","7.82122905027933","79.3103448275862","0.32525252525252524","0.041103588637763026","1.0","1.0","8","5","5","0.7265625000000002","0.7265625000000002"
"group_4703","","hypothetical protein","14","6","165","23","7.82122905027933","79.3103448275862","0.32525252525252524","0.041103588637763026","1.0","1.0","10","8","4","0.10937500000000003","0.7539062500000002"
"pepF1","","hypothetical protein","14","6","165","23","7.82122905027933","79.3103448275862","0.32525252525252524","0.041103588637763026","1.0","1.0","4","3","1","0.625","0.625"
"group_4931","","hypothetical protein","14","6","165","23","7.82122905027933","79.3103448275862","0.32525252525252524","0.041103588637763026","1.0","1.0","11","7","6","0.548828125","0.9999999999999997"
"group_5047","menH_1","2-succinyl-6-hydroxy-2,4-cyclohexadiene-1-carboxylate synthase","14","6","165","23","7.82122905027933","79.3103448275862","0.32525252525252524","0.041103588637763026","1.0","1.0","9","5","6","0.5078125","1.0"
"group_5111","","hypothetical protein","14","6","165","23","7.82122905027933","79.3103448275862","0.32525252525252524","0.041103588637763026","1.0","1.0","8","6","4","0.2890624999999999","1.0"
"group_5247","recX","Regulatory protein RecX","14","6","165","23","7.82122905027933","79.3103448275862","0.32525252525252524","0.041103588637763026","1.0","1.0","6","4","2","0.6875000000000002","0.6875000000000002"
"group_5290","","hypothetical protein","14","6","165","23","7.82122905027933","79.3103448275862","0.32525252525252524","0.041103588637763026","1.0","1.0","3","2","1","1.0","1.0"
"group_5430","","hypothetical protein","14","6","165","23","7.82122905027933","79.3103448275862","0.32525252525252524","0.041103588637763026","1.0","1.0","4","3","1","0.625","0.625"
"pgcA_1","","Phosphoglucomutase","14","6","165","23","7.82122905027933","79.3103448275862","0.32525252525252524","0.041103588637763026","1.0","1.0","5","4","1","0.375","0.375"
"group_3480","","hypothetical protein","22","8","157","21","12.290502793296088","72.41379310344827","0.3678343949044586","0.04329485975319109","1.0","1.0","10","7","4","0.3437499999999999","0.7539062500000002"
"group_3481","","hypothetical protein","22","8","157","21","12.290502793296088","72.41379310344827","0.3678343949044586","0.04329485975319109","1.0","1.0","10","7","4","0.3437499999999999","0.7539062500000002"
"group_3593","bepA_1","hypothetical protein","22","8","157","21","12.290502793296088","72.41379310344827","0.3678343949044586","0.04329485975319109","1.0","1.0","10","7","4","0.3437499999999999","0.7539062500000002"
"fmdA","","hypothetical protein","22","8","157","21","12.290502793296088","72.41379310344827","0.3678343949044586","0.04329485975319109","1.0","1.0","19","13","8","0.16706848144531244","0.6476058959960938"
"yfdG","","Prophage bactoprenol-linked glucose translocase ","22","8","157","21","12.290502793296088","72.41379310344827","0.3678343949044586","0.04329485975319109","1.0","1.0","13","7","8","0.5810546875","0.9999999999999999"
"pipB2","","hypothetical protein","74","18","105","11","41.340782122905026","37.93103448275862","0.4306878306878307","0.04446608835627303","1.0","1.0","20","9","15","0.04138946533203125","0.8238029479980463"
"group_2162","bepA_3","hypothetical protein","46","13","133","16","25.69832402234637","55.172413793103445","0.4256795835743204","0.04508269029323245","1.0","1.0","11","7","5","0.548828125","0.9999999999999997"
"rpmJ","","50S ribosomal protein L36","86","20","93","9","48.04469273743017","31.03448275862069","0.4161290322580645","0.04521034497862282","1.0","1.0","16","7","9","0.8036193847656252","0.8036193847656252"
"speD","","S-adenosylmethionine decarboxylase proenzyme","86","8","93","21","48.04469273743017","72.41379310344827","2.4274193548387095","0.04544230596323447","1.0","1.0","15","9","7","0.6072387695312501","0.9999999999999997"
"mtnB","","Methylthioribulose-1-phosphate dehydratase","132","16","47","13","73.74301675977654","44.827586206896555","2.2819148936170213","0.04828346519803813","1.0","1.0","17","10","7","0.629058837890625","0.629058837890625"
"yedP","","Mannosyl-3-phosphoglycerate phosphatase","58","4","121","25","32.402234636871505","86.20689655172413","2.9958677685950414","0.04893602749090553","1.0","1.0","12","10","4","0.038574218750000014","0.3876953125000001"
"group_2599","","hypothetical protein","58","4","121","25","32.402234636871505","86.20689655172413","2.9958677685950414","0.04893602749090553","1.0","1.0","11","9","3","0.06542968749999997","0.22656250000000003"
"ybgI","","GTP cyclohydrolase 1 type 2 ","157","29","22","0","87.70949720670392","0.0","0.0","0.04920616047024984","1.0","1.0","3","0","3","0.25","0.25"
"group_2989","","hypothetical protein","22","0","157","29","12.290502793296088","100.0","inf","0.04920616047024984","1.0","1.0","7","7","0","0.015625","0.015625"
"cas1","","CRISPR-associated endonuclease Cas1","22","0","157","29","12.290502793296088","100.0","inf","0.04920616047024984","1.0","1.0","12","12","0","0.00048828125","0.00048828125"
"group_3649","","hypothetical protein","22","0","157","29","12.290502793296088","100.0","inf","0.04920616047024984","1.0","1.0","9","9","0","0.00390625","0.00390625"
"group_4660","","hypothetical protein","22","0","157","29","12.290502793296088","100.0","inf","0.04920616047024984","1.0","1.0","4","4","0","0.125","0.125"
"group_4773","","hypothetical protein","22","0","157","29","12.290502793296088","100.0","inf","0.04920616047024984","1.0","1.0","10","10","0","0.001953125","0.001953125"
"group_4862","","hypothetical protein","22","0","157","29","12.290502793296088","100.0","inf","0.04920616047024984","1.0","1.0","7","7","0","0.015625","0.015625"
"group_4957","","hypothetical protein","22","0","157","29","12.290502793296088","100.0","inf","0.04920616047024984","1.0","1.0","2","2","0","0.5","0.5"
"group_5043","","hypothetical protein","22","0","157","29","12.290502793296088","100.0","inf","0.04920616047024984","1.0","1.0","5","5","0","0.0625","0.0625"
"group_5087","","hypothetical protein","22","0","157","29","12.290502793296088","100.0","inf","0.04920616047024984","1.0","1.0","5","5","0","0.0625","0.0625"
"group_3058","","hypothetical protein","42","2","137","27","23.463687150837988","93.10344827586206","4.138686131386861","0.04921406880380742","1.0","1.0","18","17","2","0.00014495849609375","0.0013122558593750002"
"nhaP","","hypothetical protein","42","2","137","27","23.463687150837988","93.10344827586206","4.138686131386861","0.04921406880380742","1.0","1.0","10","8","2","0.10937500000000003","0.10937500000000003"
"group_3375","","hypothetical protein","42","2","137","27","23.463687150837988","93.10344827586206","4.138686131386861","0.04921406880380742","1.0","1.0","6","6","2","0.03125","0.6875000000000002"
"group_3468","","hypothetical protein","42","2","137","27","23.463687150837988","93.10344827586206","4.138686131386861","0.04921406880380742","1.0","1.0","11","10","2","0.011718750000000002","0.06542968749999997"
"group_3015","","hypothetical protein","43","2","136","27","24.022346368715084","93.10344827586206","4.268382352941177","0.0493258226516168","1.0","1.0","13","13","0","0.000244140625","0.000244140625"
"pld","","Phospholipase D","43","2","136","27","24.022346368715084","93.10344827586206","4.268382352941177","0.0493258226516168","1.0","1.0","15","13","2","0.007385253906249998","0.007385253906249998"
"dap_1","","hypothetical protein","23","8","156","21","12.849162011173185","72.41379310344827","0.3870192307692308","0.04970669568557611","1.0","1.0","15","10","6","0.30175781250000017","0.6072387695312501"
"azoR","","FMN-dependent NADH-azoreductase","156","21","23","8","87.15083798882681","27.586206896551722","2.5838509316770186","0.04970669568557612","1.0","1.0","14","5","11","0.05737304687500002","0.4239501953124999"
